src_ip,dst_ip,src_port,dst_port,src_mac,dst_mac,protocol,timestamp,flow_duration,flow_byts_s,flow_pkts_s,fwd_pkts_s,bwd_pkts_s,tot_fwd_pkts,tot_bwd_pkts,totlen_fwd_pkts,totlen_bwd_pkts,fwd_pkt_len_max,fwd_pkt_len_min,fwd_pkt_len_mean,fwd_pkt_len_std,bwd_pkt_len_max,bwd_pkt_len_min,bwd_pkt_len_mean,bwd_pkt_len_std,pkt_len_max,pkt_len_min,pkt_len_mean,pkt_len_std,pkt_len_var,fwd_header_len,bwd_header_len,fwd_seg_size_min,fwd_act_data_pkts,flow_iat_mean,flow_iat_max,flow_iat_min,flow_iat_std,fwd_iat_tot,fwd_iat_max,fwd_iat_min,fwd_iat_mean,fwd_iat_std,bwd_iat_tot,bwd_iat_max,bwd_iat_min,bwd_iat_mean,bwd_iat_std,fwd_psh_flags,bwd_psh_flags,fwd_urg_flags,bwd_urg_flags,fin_flag_cnt,syn_flag_cnt,rst_flag_cnt,psh_flag_cnt,ack_flag_cnt,urg_flag_cnt,ece_flag_cnt,down_up_ratio,pkt_size_avg,init_fwd_win_byts,init_bwd_win_byts,active_max,active_min,active_mean,active_std,idle_max,idle_min,idle_mean,idle_std,fwd_byts_b_avg,fwd_pkts_b_avg,bwd_byts_b_avg,bwd_pkts_b_avg,fwd_blk_rate_avg,bwd_blk_rate_avg,fwd_seg_size_avg,bwd_seg_size_avg,cwe_flag_count,subflow_fwd_pkts,subflow_bwd_pkts,subflow_fwd_byts,subflow_bwd_byts
3.230.5.149,192.168.0.102,443,59500,c4:71:54:49:11:3d,f0:a6:54:29:63:45,6,2025-07-14 02:21:00,1645660.161972046,6817.324900516473,80.21097128693951,54.68929860473148,25.521672682208028,90,42,8951,2268,114.0,95.0,99.45555555555556,4.744964842654231,54.0,54.0,54.0,0.0,114,54,84.99242424242425,21.531335942211808,463.598427456382,1800,840,20,90,12562.29131276371,313868.9994812012,0.0,33292.442787857835,1645580.0533294678,313922.8820800781,0.0,18489.663520555816,39228.311335738166,1605730.0567626953,313949.1081237793,2282.857894897461,39164.1477259194,51223.26628990721,0,0,0,0,1,0,0,0,0,0,0,0.4666666666666667,84.99242424242425,5548,251,0.0,0.0,0.0,0.0,0.0,0.0,0.0,0.0,4091.0,90.0,0.0,0.0,2486.053468941098,0.0,99.45555555555556,54.0,0,90,42,8951,2268
192.168.0.102,116.119.105.224,53723,3478,f0:a6:54:29:63:45,c4:71:54:49:11:3d,17,2025-07-14 02:21:02,2000016.927719116,168374.5749012449,169.99856115605328,136.99884046105473,32.99972069499858,274,66,286079,50673,1151.0,80.0,1044.0839416058395,179.73180617488686,1075.0,80.0,767.7727272727273,289.4286323009392,1151,80,990.4470588235296,232.88929487595615,54237.42366782007,2192,528,8,274,5899.754949023942,54378.98635864258,0.0,12774.75110239801,2000016.927719116,67976.9515991211,0.0,7326.069332304455,17021.87215813564,1917176.0082244875,87517.02308654785,0.0,29495.01551114596,31097.572817366698,0,0,0,0,1,0,0,0,0,0,0,0.2408759124087591,990.4470588235296,0,0,0.0,0.0,0.0,0.0,0.0,0.0,0.0,0.0,8394.34375,8.375,0.0,0.0,555272.0453534453,0.0,1044.0839416058395,767.7727272727273,0,274,66,286079,50673
3.230.5.149,192.168.0.102,443,59500,c4:71:54:49:11:3d,f0:a6:54:29:63:45,6,2025-07-14 02:21:02,1897769.927978516,5244.576728329672,62.70517740090736,41.62780684598052,21.077370554926844,79,40,7793,2160,115.0,95.0,98.64556962025316,3.778814946124215,54.0,54.0,54.0,0.0,115,54,83.63865546218487,21.3134790240398,454.2643881081845,1580,800,20,79,16082.795999817929,367252.1114349365,0.0,47413.87255317845,1897693.8724517825,367317.91496276855,0.0,24329.40862117669,57215.72990505836,1856262.9222869875,367359.1613769531,92.02957153320312,47596.48518684583,73200.69426091362,0,0,0,0,1,0,0,0,0,0,0,0.5063291139240507,83.63865546218487,5548,255,0.0,0.0,0.0,0.0,0.0,0.0,0.0,0.0,3527.0,79.0,0.0,0.0,1858.5716332862407,0.0,98.64556962025316,54.0,0,79,40,7793,2160
192.168.0.102,172.64.149.246,61036,443,f0:a6:54:29:63:45,c4:71:54:49:11:3d,17,2025-07-14 02:21:02,508486.0324859619,33644.97529334262,57.03204836958943,23.59946829086459,33.43258007872483,12,17,5192,11916,1292.0,83.0,432.6666666666667,501.4414776976028,1242.0,66.0,700.9411764705883,530.2103323585767,1292,66,589.9310344827586,535.0698910863941,286299.78834720573,96,136,8,12,18160.21544592721,201514.95933532715,0.0,47912.10500803552,508486.0324859619,227818.01223754883,123.02398681640624,46226.002953269264,76937.21374362841,480230.09300231934,207915.0676727295,0.0,30014.38081264496,62480.68586932442,0,0,0,0,1,0,0,0,0,0,0,1.4166666666666667,589.9310344827586,0,0,0.0,0.0,0.0,0.0,0.0,0.0,0.0,0.0,2946.0,4.0,5210.5,7.0,2498770.3911021235,65746.76218927026,432.6666666666667,700.9411764705883,0,12,17,5192,11916
192.168.0.102,104.18.19.125,51084,443,f0:a6:54:29:63:45,c4:71:54:49:11:3d,6,2025-07-14 02:21:03,268532.0377349853,4185.720294236464,22.343702638272937,11.171851319136469,11.171851319136469,3,3,881,243,742.0,54.0,293.6666666666667,317.27205290657975,135.0,54.0,81.0,38.18376618407357,742,54,187.33333333333331,249.73296849946647,62366.55555555554,60,60,20,2,53706.40754699707,218280.0769805908,0.0,83558.2381152309,268532.0377349853,268249.9885559082,282.04917907714844,134266.01886749268,133983.96968841553,218280.0769805908,218280.0769805908,0.0,109140.0384902954,109140.0384902954,0,0,0,0,1,0,0,0,0,0,0,1.0,187.33333333333331,254,433,0.0,0.0,0.0,0.0,0.0,0.0,0.0,0.0,0.0,0.0,0.0,0.0,0.0,0.0,293.6666666666667,81.0,0,3,3,881,243
192.168.0.102,103.21.187.18,51638,53,f0:a6:54:29:63:45,c4:71:54:49:11:3d,17,2025-07-14 02:21:03,10735.034942626951,28039.03309199129,186.3058677208724,93.1529338604362,93.1529338604362,1,1,90,211,90.0,90.0,90.0,0.0,211.0,211.0,211.0,0.0,211,90,150.5,60.5,3660.25,8,8,8,1,0.0,0.0,0.0,0.0,0.0,0.0,0.0,0.0,0.0,0.0,0.0,0.0,0.0,0.0,0,0,0,0,0,0,0,0,0,0,0,1.0,150.5,0,0,0.0,0.0,0.0,0.0,0.0,0.0,0.0,0.0,0.0,0.0,0.0,0.0,0.0,0.0,90.0,211.0,0,1,1,90,211
192.168.0.102,20.42.65.90,60270,443,f0:a6:54:29:63:45,c4:71:54:49:11:3d,6,2025-07-14 02:21:03,215626.00135803223,3696.2147189134025,18.55063848890039,13.91297886667529,4.637659622225097,3,1,731,66,611.0,54.0,243.66666666666663,259.7900862020891,66.0,66.0,66.0,0.0,611,54,199.25,237.7744466926587,56536.6875,60,20,20,1,71875.33378601074,210464.9543762207,139.9517059326172,98017.918743263,215626.00135803223,210604.9060821533,5021.095275878906,107813.00067901611,102791.9054031372,0.0,0.0,0.0,0.0,0.0,0,0,0,0,1,0,0,0,0,0,0,0.3333333333333333,199.25,65535,65535,0.0,0.0,0.0,0.0,0.0,0.0,0.0,0.0,0.0,0.0,0.0,0.0,0.0,0.0,243.66666666666663,66.0,0,3,1,731,66
192.168.0.102,116.119.105.224,53723,3478,f0:a6:54:29:63:45,c4:71:54:49:11:3d,17,2025-07-14 02:21:04,1700227.975845337,159893.26364591566,158.8022334862233,128.2180996296173,30.58413385660597,218,52,230237,41618,1155.0,62.0,1056.133027522936,167.60366013555344,1103.0,62.0,800.3461538461538,298.7984196111656,1155,62,1006.8703703703704,223.7176002858081,50049.5646776406,1744,416,8,218,6320.55009607932,52986.14501953125,0.0,13532.809340855163,1700227.975845337,59773.20671081543,59.84306335449219,7835.151962420908,17498.320011394393,1605063.9152526855,80518.00727844238,0.0,31471.841475542853,31434.3701028238,0,0,0,0,1,0,0,0,0,0,0,0.2385321100917431,1006.8703703703704,0,0,0.0,0.0,0.0,0.0,0.0,0.0,0.0,0.0,8469.384615384615,8.346153846153847,0.0,0.0,487137.0114025404,0.0,1056.133027522936,800.3461538461538,0,218,52,230237,41618
3.230.5.149,192.168.0.102,443,59500,c4:71:54:49:11:3d,f0:a6:54:29:63:45,6,2025-07-14 02:21:04,1675523.042678833,7391.124851497363,85.94331222671353,58.4891985987356,27.45411362797793,98,46,9900,2484,119.0,95.0,101.0204081632653,5.642368137648384,54.0,54.0,54.0,0.0,119,54,86.0,22.412484120338924,502.31944444444446,1960,920,20,98,11716.944354397434,83157.06253051758,0.0,15380.530847853532,1675523.042678833,83251.953125,0.0,17273.43342967869,15978.41841983292,1651209.1159820557,116960.04867553712,7313.013076782227,36693.53591071235,20000.698293433885,0,0,0,0,1,0,0,0,0,0,0,0.4693877551020408,86.0,5548,254,0.0,0.0,0.0,0.0,0.0,0.0,0.0,0.0,4608.0,98.0,0.0,0.0,2750.185991254833,0.0,101.0204081632653,54.0,0,98,46,9900,2484
192.168.0.102,104.26.13.13,60271,443,f0:a6:54:29:63:45,c4:71:54:49:11:3d,6,2025-07-14 02:21:04,90280.05599975586,691182.5575315189,764.2884049627372,509.5256033084915,254.76280165424572,46,23,58311,4089,1454.0,54.0,1267.6304347826087,446.0429575089031,1494.0,54.0,177.7826086956522,399.3124478424013,1494,54,904.3478260869564,670.6227438167152,449734.8645242597,920,460,20,43,1327.6478823493508,21827.93617248535,0.0,3748.379006305895,71572.06535339355,21919.965744018555,0.0,1590.4903411865234,4438.222790988265,83230.97229003906,25592.08869934082,0.0,3783.2260131835938,6920.736469245357,0,0,0,0,1,0,0,0,0,0,0,0.5,904.3478260869564,65535,19,0.0,0.0,0.0,0.0,0.0,0.0,0.0,0.0,55298.0,42.0,0.0,0.0,1230948.899496341,0.0,1267.6304347826087,177.7826086956522,0,46,23,58311,4089
20.42.65.90,192.168.0.102,443,60270,c4:71:54:49:11:3d,f0:a6:54:29:63:45,6,2025-07-14 02:21:04,294885.1585388184,29696.306329527397,47.47610923985194,27.1292052799154,20.346903959936547,8,6,7344,1413,1494.0,54.0,918.0,601.6192732949968,1063.0,54.0,235.5,371.2203972484989,1494,54,625.5,616.409157946246,379960.25,160,120,20,7,22683.473733755254,211164.9513244629,0.0,58608.40988995269,294828.1764984131,293838.9778137207,0.0,42118.31092834473,102764.8480164538,294777.1549224853,211273.9086151123,261.06834411621094,58955.43098449707,82475.10040244396,0,0,0,0,1,0,0,0,0,0,0,0.75,625.5,16383,1021,0.0,0.0,0.0,0.0,0.0,0.0,0.0,0.0,6363.0,5.0,0.0,0.0,26397978.58753709,0.0,918.0,235.5,0,8,6,7344,1413
192.168.0.102,4.213.25.241,50154,443,f0:a6:54:29:63:45,c4:71:54:49:11:3d,6,2025-07-14 02:21:05,79740.04745483398,4778.025749430415,37.62224999551508,25.08149999701005,12.540749998505026,2,1,152,229,98.0,54.0,76.0,22.0,229.0,229.0,229.0,0.0,229,54,127.0,74.32810146012521,5524.666666666667,40,20,20,1,39870.02372741699,40858.98399353027,38881.06346130371,988.9602661132812,0.0,0.0,0.0,0.0,0.0,0.0,0.0,0.0,0.0,0.0,0,0,0,0,1,0,0,0,0,0,0,0.5,127.0,507,7884,0.0,0.0,0.0,0.0,0.0,0.0,0.0,0.0,0.0,0.0,0.0,0.0,0.0,0.0,76.0,229.0,0,2,1,152,229
192.168.0.102,116.119.105.224,53723,3478,f0:a6:54:29:63:45,c4:71:54:49:11:3d,17,2025-07-14 02:21:05,2299495.220184326,167434.57286644736,167.8629277468376,135.68195196117443,32.18097578566317,312,74,325786,59229,1153.0,62.0,1044.1858974358977,191.1621946748691,1145.0,62.0,800.3918918918919,291.82319793528666,1153,62,997.4481865284974,234.67734140570573,55073.45456925017,2496,592,8,312,5972.714857621627,50992.01202392578,0.0,12312.040719906743,2299495.220184326,55361.98616027832,57.93571472167969,7393.875306058927,16926.246195988602,2258513.927459717,84077.11982727051,0.0,30938.54695150297,32063.200623104683,0,0,0,0,1,0,0,0,0,0,0,0.2371794871794871,997.4481865284974,0,0,0.0,0.0,0.0,0.0,0.0,0.0,0.0,0.0,8604.0,8.583333333333334,0.0,0.0,527834.0141412787,0.0,1044.1858974358977,800.3918918918919,0,312,74,325786,59229
3.230.5.149,192.168.0.102,443,59500,c4:71:54:49:11:3d,f0:a6:54:29:63:45,6,2025-07-14 02:21:05,1823581.93397522,4454.968459953166,52.09527371929477,34.54739204542706,17.547881673867714,63,32,6396,1728,120.0,85.0,101.52380952380952,7.095397888900528,54.0,54.0,54.0,0.0,120,54,85.51578947368421,23.192495681915705,537.8918559556787,1260,640,20,63,19399.80780824702,353130.1021575928,0.0,42347.18726798793,1823436.0218048096,394484.0431213379,0.0,29410.258416206605,56286.99423301942,1823482.9902648928,368431.09130859375,9518.146514892578,58822.03194402879,65555.0322653054,0,0,0,0,1,0,0,0,0,0,0,0.5079365079365079,85.51578947368421,5548,254,0.0,0.0,0.0,0.0,0.0,0.0,0.0,0.0,2994.0,63.0,0.0,0.0,1641.95505858033,0.0,101.52380952380952,54.0,0,63,32,6396,1728
192.168.0.102,35.186.224.40,50309,443,f0:a6:54:29:63:45,c4:71:54:49:11:3d,6,2025-07-14 02:21:06,158004.0454864502,1892.356610740331,25.31580750154289,12.657903750771446,12.657903750771446,2,2,151,148,97.0,54.0,75.5,21.5,94.0,54.0,74.0,20.0,97,54,74.75,20.777090749188154,431.6875,40,40,20,1,52668.01516215006,111817.8367614746,5442.142486572266,44238.6143662522,0.0,0.0,0.0,0.0,0.0,0.0,0.0,0.0,0.0,0.0,0,0,0,0,1,0,0,0,0,0,0,1.0,74.75,250,1043,0.0,0.0,0.0,0.0,0.0,0.0,0.0,0.0,0.0,0.0,0.0,0.0,0.0,0.0,75.5,74.0,0,2,2,151,148
192.168.0.102,172.64.149.246,59979,443,f0:a6:54:29:63:45,c4:71:54:49:11:3d,6,2025-07-14 02:21:07,133029.93774414062,3164.7011728271154,30.068419694319388,15.034209847159694,15.034209847159694,2,2,199,222,145.0,54.0,99.5,45.5,168.0,54.0,111.0,57.0,168,54,105.25,51.89111195570972,2692.6875,40,40,20,1,44343.31258138021,86982.96546936035,5980.014801025391,33207.277455391835,0.0,0.0,0.0,0.0,0.0,0.0,0.0,0.0,0.0,0.0,0,0,0,0,1,0,0,0,0,0,0,1.0,105.25,254,18,0.0,0.0,0.0,0.0,0.0,0.0,0.0,0.0,0.0,0.0,0.0,0.0,0.0,0.0,99.5,111.0,0,2,2,199,222
192.168.0.102,104.18.19.125,51084,443,f0:a6:54:29:63:45,c4:71:54:49:11:3d,6,2025-07-14 02:21:07,394876.95693969727,3773.3272955391567,25.324344265363468,12.662172132681734,12.662172132681734,5,5,1139,351,469.0,54.0,227.8,188.031273994514,135.0,54.0,70.2,32.400000000000006,469,54,149.0,156.24403988632653,24412.2,100,100,20,4,43875.21743774414,216196.0601806641,0.0,70595.82793983299,380861.0439300537,263684.9880218506,373.1250762939453,95215.26098251344,108160.59476624502,387753.0097961426,216196.0601806641,0.0,96938.25244903564,98214.59189896032,0,0,0,0,1,0,0,0,0,0,0,1.0,149.0,254,434,0.0,0.0,0.0,0.0,0.0,0.0,0.0,0.0,0.0,0.0,0.0,0.0,0.0,0.0,227.8,70.2,0,5,5,1139,351
192.168.0.102,192.168.0.255,57621,57621,f0:a6:54:29:63:45,ff:ff:ff:ff:ff:ff,17,2025-07-14 02:21:08,0.0,0.0,0.0,0.0,0.0,1,0,86,0,86.0,86.0,86.0,0.0,0.0,0.0,0.0,0.0,86,86,86.0,0.0,0.0,8,0,8,1,0.0,0.0,0.0,0.0,0.0,0.0,0.0,0.0,0.0,0.0,0.0,0.0,0.0,0.0,0,0,0,0,0,0,0,0,0,0,0,0.0,86.0,0,0,0.0,0.0,0.0,0.0,0.0,0.0,0.0,0.0,0.0,0.0,0.0,0.0,0.0,0.0,86.0,0.0,0,1,0,86,0
116.119.105.224,192.168.0.102,3478,53723,c4:71:54:49:11:3d,f0:a6:54:29:63:45,17,2025-07-14 02:21:08,2078342.9145812988,166086.64411355846,165.0353257845809,32.71837362493149,132.3169521596494,68,275,53555,291630,1101.0,137.0,787.5735294117648,279.21135343596484,1155.0,91.0,1060.4727272727273,159.5961556321517,1155,91,1006.3702623906704,218.4357320316689,47714.16902821105,544,2200,8,68,6077.02606602719,61207.05604553223,0.0,13293.342817588951,2078342.9145812988,83021.87919616699,0.0,31020.04350121341,31977.35842044913,2041884.8991394043,67542.07611083984,41.00799560546875,7452.134668391986,17262.383487767947,0,0,0,0,1,0,0,0,0,0,0,4.044117647058823,1006.3702623906704,0,0,0.0,0.0,0.0,0.0,0.0,0.0,0.0,0.0,2819.0,4.0,9000.90322580645,8.838709677419354,85569.2350491216,422452.0674896276,787.5735294117648,1060.4727272727273,0,68,275,53555,291630
104.18.19.125,192.168.0.102,443,51084,c4:71:54:49:11:3d,f0:a6:54:29:63:45,6,2025-07-14 02:21:08,1477169.0368652344,951.820654854596,5.415764750239521,2.7078823751197607,2.7078823751197607,4,4,355,1051,135.0,54.0,88.75,35.688758734369,858.0,54.0,262.75,343.9006942418116,858,54,175.75,259.4989161827078,67339.6875,80,80,20,2,211024.1481236049,1176928.0433654785,0.0,400172.6230270621,1436391.1151885986,1226352.9300689695,0.0,478797.0383961995,535511.5113503411,1436181.0684204102,1176928.0433654785,272.98927307128906,478727.0228068034,504873.4711523979,0,0,0,0,1,0,0,0,0,0,0,1.0,175.75,434,253,0.0,0.0,0.0,0.0,0.0,0.0,0.0,0.0,0.0,0.0,0.0,0.0,0.0,0.0,88.75,262.75,0,4,4,355,1051
192.168.0.102,34.202.142.158,57696,443,f0:a6:54:29:63:45,c4:71:54:49:11:3d,6,2025-07-14 02:21:09,237310.1711273193,509.88122180014886,8.427788790085106,4.213894395042553,4.213894395042553,1,1,55,66,55.0,55.0,55.0,0.0,66.0,66.0,66.0,0.0,66,55,60.5,5.5,30.25,20,20,20,1,0.0,0.0,0.0,0.0,0.0,0.0,0.0,0.0,0.0,0.0,0.0,0.0,0.0,0.0,0,0,0,0,1,0,0,0,0,0,0,1.0,60.5,251,132,0.0,0.0,0.0,0.0,0.0,0.0,0.0,0.0,0.0,0.0,0.0,0.0,0.0,0.0,55.0,66.0,0,1,1,55,66
192.168.0.102,54.225.15.116,60276,443,f0:a6:54:29:63:45,c4:71:54:49:11:3d,6,2025-07-14 02:21:09,1138838.0527496338,143049.31206563284,129.0789323776811,96.58967728942125,32.48925508825987,110,37,160496,2414,1494.0,54.0,1459.0545454545454,209.61418395638808,279.0,54.0,65.24324324324324,45.953210872379465,1494,54,1108.2312925170068,631.9136261052716,399314.830857513,2200,740,20,108,7800.260635271465,225749.96948242188,0.0,37547.413389422174,1138838.0527496338,225959.06257629397,0.0,10448.055529813157,43201.52204986791,912985.08644104,227788.20991516116,0.0,25360.696845584447,62928.83374734838,0,0,0,0,1,0,0,0,0,0,0,0.3363636363636363,1108.2312925170068,65535,769,0.0,0.0,0.0,0.0,0.0,0.0,0.0,0.0,77013.5,53.5,0.0,0.0,331763.31200854527,0.0,1459.0545454545454,65.24324324324324,0,110,37,160496,2414
192.168.0.102,54.225.15.116,60276,443,f0:a6:54:29:63:45,c4:71:54:49:11:3d,6,2025-07-14 02:21:10,598453.9985656738,767307.0964528078,663.3759669941173,507.9755515521705,155.40041544194688,304,93,454176,5022,1494.0,1494.0,1494.0,0.0,54.0,54.0,54.0,0.0,1494,54,1156.670025188917,609.888228958318,371963.6518219137,6080,1860,20,304,1511.247471125439,182714.93911743164,0.0,13930.661878363142,597481.0123443604,182874.9179840088,0.0,1971.884529189308,15920.79239165197,597841.9780731201,182873.010635376,0.0,6498.282370360002,28359.19318438881,0,0,0,0,1,0,0,0,0,0,0,0.3059210526315789,1156.670025188917,254,2806,0.0,0.0,0.0,0.0,0.0,0.0,0.0,0.0,437760.0,304.0,0.0,0.0,732676.0030119509,0.0,1494.0,54.0,0,304,93,454176,5022
192.168.0.102,116.119.105.224,53723,3478,f0:a6:54:29:63:45,c4:71:54:49:11:3d,17,2025-07-14 02:21:10,561737.060546875,179886.6535557125,179.79942413212365,144.1955777693269,35.60384636279676,81,20,85410,15639,1154.0,62.0,1054.4444444444443,161.2749358650364,1090.0,62.0,781.95,314.6556014120836,1154,62,1000.4851485148516,228.59738544200053,52256.76463091855,648,160,8,81,5617.37060546875,49855.94749450684,0.0,12460.48498140584,549179.0771484375,54553.985595703125,65.08827209472656,6864.738464355469,16283.528622443206,537029.0279388428,70079.08821105957,0.0,28264.685680991726,28627.221540910807,0,0,0,0,1,0,0,0,0,0,0,0.2469135802469135,1000.4851485148516,0,0,0.0,0.0,0.0,0.0,0.0,0.0,0.0,0.0,8200.8,8.1,0.0,0.0,696368.7762191184,0.0,1054.4444444444443,781.95,0,81,20,85410,15639
192.168.0.102,54.225.15.116,60277,443,f0:a6:54:29:63:45,c4:71:54:49:11:3d,6,2025-07-14 02:21:10,0.0,0.0,0.0,0.0,0.0,1,0,66,0,66.0,66.0,66.0,0.0,0.0,0.0,0.0,0.0,66,66,66.0,0.0,0.0,20,0,20,0,0.0,0.0,0.0,0.0,0.0,0.0,0.0,0.0,0.0,0.0,0.0,0.0,0.0,0.0,0,0,0,0,1,0,0,0,0,0,0,0.0,66.0,65535,0,0.0,0.0,0.0,0.0,0.0,0.0,0.0,0.0,0.0,0.0,0.0,0.0,0.0,0.0,66.0,0.0,0,1,0,66,0
192.168.0.102,34.199.39.85,60278,443,f0:a6:54:29:63:45,c4:71:54:49:11:3d,6,2025-07-14 02:21:10,0.0,0.0,0.0,0.0,0.0,1,0,66,0,66.0,66.0,66.0,0.0,0.0,0.0,0.0,0.0,66,66,66.0,0.0,0.0,20,0,20,0,0.0,0.0,0.0,0.0,0.0,0.0,0.0,0.0,0.0,0.0,0.0,0.0,0.0,0.0,0,0,0,0,1,0,0,0,0,0,0,0.0,66.0,65535,0,0.0,0.0,0.0,0.0,0.0,0.0,0.0,0.0,0.0,0.0,0.0,0.0,0.0,0.0,66.0,0.0,0,1,0,66,0
54.225.15.116,192.168.0.102,443,60276,c4:71:54:49:11:3d,f0:a6:54:29:63:45,6,2025-07-14 02:21:10,970583.9157104492,159560.6495154417,259.63751914798706,155.5764499656589,104.06106918232814,151,101,9293,145574,449.0,54.0,61.54304635761589,32.17928565330175,1494.0,54.0,1441.326732673267,261.76495801722626,1494,54,614.5515873015873,696.6325701651774,485296.9378149409,3020,2020,20,1,3866.868190081471,237121.8204498291,0.0,21877.547900207075,970583.9157104492,238988.87634277344,0.0,6470.559438069661,29119.66935399821,733393.1922912598,362985.1341247559,0.0,7333.931922912598,45008.05794157684,0,0,0,0,1,0,0,0,0,0,0,0.6688741721854304,614.5515873015873,2806,252,0.0,0.0,0.0,0.0,0.0,0.0,0.0,0.0,0.0,0.0,140096.0,98.0,0.0,380031.5826881499,61.54304635761589,1441.326732673267,0,151,101,9293,145574
54.225.15.116,192.168.0.102,443,60277,c4:71:54:49:11:3d,f0:a6:54:29:63:45,6,2025-07-14 02:21:10,1000099.8973846436,131.9868148623878,1.999800225187694,1.999800225187694,0.0,2,0,132,0,66.0,66.0,66.0,0.0,0.0,0.0,0.0,0.0,66,66,66.0,0.0,0.0,40,0,20,0,0.0,0.0,0.0,0.0,0.0,0.0,0.0,0.0,0.0,0.0,0.0,0.0,0.0,0.0,0,0,0,0,1,0,0,0,0,0,0,0.0,66.0,26883,0,0.0,0.0,0.0,0.0,0.0,0.0,0.0,0.0,0.0,0.0,0.0,0.0,0.0,0.0,66.0,0.0,0,2,0,132,0
192.168.0.102,116.119.105.224,53723,3478,f0:a6:54:29:63:45,c4:71:54:49:11:3d,17,2025-07-14 02:21:10,1165189.9814605713,168609.41402339723,173.36228702103327,138.17489213062552,35.187394890407745,161,41,166064,30398,1144.0,72.0,1031.4534161490683,204.6953485503361,1052.0,72.0,741.4146341463414,333.6791196760639,1144,72,972.5841584158416,263.82482814751154,69603.539947064,1288,328,8,161,5796.96508189339,60561.8953704834,0.0,12627.286848153017,1149202.1083831787,85395.09773254395,57.93571472167969,7182.513177394867,17183.95211365489,1104388.952255249,100903.98788452148,0.0,27609.723806381226,31342.88334096103,0,0,0,0,1,0,0,0,0,0,0,0.2546583850931677,972.5841584158416,0,0,0.0,0.0,0.0,0.0,0.0,0.0,0.0,0.0,8790.833333333334,8.833333333333334,2316.5,4.0,486017.94536738825,75260.01228500277,1031.4534161490683,741.4146341463414,0,161,41,166064,30398
192.168.0.102,34.235.191.188,60279,443,f0:a6:54:29:63:45,c4:71:54:49:11:3d,6,2025-07-14 02:21:11,267704.96368408203,493.08013636898,7.470911157105757,3.7354555785528794,3.7354555785528794,1,1,66,66,66.0,66.0,66.0,0.0,66.0,66.0,66.0,0.0,66,66,66.0,0.0,0.0,20,20,20,0,0.0,0.0,0.0,0.0,0.0,0.0,0.0,0.0,0.0,0.0,0.0,0.0,0.0,0.0,0,0,0,0,1,0,0,0,0,0,0,1.0,66.0,65535,26883,0.0,0.0,0.0,0.0,0.0,0.0,0.0,0.0,0.0,0.0,0.0,0.0,0.0,0.0,66.0,66.0,0,1,1,66,66
34.199.39.85,192.168.0.102,443,60278,c4:71:54:49:11:3d,f0:a6:54:29:63:45,6,2025-07-14 02:21:11,0.0,0.0,0.0,0.0,0.0,1,0,66,0,66.0,66.0,66.0,0.0,0.0,0.0,0.0,0.0,66,66,66.0,0.0,0.0,20,0,20,0,0.0,0.0,0.0,0.0,0.0,0.0,0.0,0.0,0.0,0.0,0.0,0.0,0.0,0.0,0,0,0,0,1,0,0,0,0,0,0,0.0,66.0,26883,0,0.0,0.0,0.0,0.0,0.0,0.0,0.0,0.0,0.0,0.0,0.0,0.0,0.0,0.0,66.0,0.0,0,1,0,66,0
192.168.0.102,52.23.128.106,60280,443,f0:a6:54:29:63:45,c4:71:54:49:11:3d,6,2025-07-14 02:21:11,725726.842880249,59780.067976841696,56.49508544741171,41.33786740054515,15.157218046866555,30,11,38216,5168,1494.0,54.0,1273.8666666666666,498.98835880431335,1494.0,54.0,469.8181818181818,629.2131909531312,1494,54,1058.1463414634147,644.4542240352365,415321.2468768589,600,220,20,27,18143.171072006226,234901.90505981445,0.0,61152.19789741771,725726.842880249,235113.8591766357,0.0,25025.063547594797,70672.17592004345,490758.8958740234,241051.9123077393,0.0,49075.88958740234,93474.8065577096,0,0,0,0,1,0,0,0,0,0,0,0.3666666666666666,1058.1463414634147,65535,425,0.0,0.0,0.0,0.0,0.0,0.0,0.0,0.0,18033.5,13.0,4383.0,4.0,1530931.7839555524,0.0,1273.8666666666666,469.8181818181818,0,30,11,38216,5168
192.168.0.102,52.23.128.106,60280,443,f0:a6:54:29:63:45,c4:71:54:49:11:3d,6,2025-07-14 02:21:12,720911.979675293,555246.703183227,479.9476354323344,367.5899519929729,112.35768343936152,265,81,395910,4374,1494.0,1494.0,1494.0,0.0,54.0,54.0,54.0,0.0,1494,54,1156.8901734104047,609.7500431371451,371795.1151057503,5300,1620,20,265,2089.5999410878057,208972.93090820312,0.0,18478.08786976033,720911.979675293,209035.15815734863,0.0,2730.727195739746,21094.653205019225,720577.0015716553,209001.7795562744,0.0,9007.212519645693,37568.88940966366,0,0,0,0,1,0,0,0,0,0,0,0.3056603773584905,1156.8901734104047,255,2842,0.0,0.0,0.0,0.0,0.0,0.0,0.0,0.0,381600.0,265.0,0.0,0.0,529329.5308698809,0.0,1494.0,54.0,0,265,81,395910,4374
192.168.0.102,116.119.105.224,53723,3478,f0:a6:54:29:63:45,c4:71:54:49:11:3d,17,2025-07-14 02:21:12,736646.8906402588,169279.2049819385,169.6878132362113,139.8227581066381,29.86505512957319,103,22,106931,17768,1151.0,91.0,1038.1650485436894,187.36973971514175,1103.0,146.0,807.6363636363636,226.0646619995232,1151,91,997.592,213.61206317996184,45630.113536,824,176,8,103,5940.700730969829,45516.9677734375,0.0,11925.53096079622,736646.8906402588,58912.99247741699,61.98883056640625,7222.0283396103805,16906.17049852749,668433.1893920898,73534.01184082031,0.0,31830.1518758138,31904.72511307753,0,0,0,0,1,0,0,0,0,0,0,0.2135922330097087,997.592,0,0,0.0,0.0,0.0,0.0,0.0,0.0,0.0,0.0,8379.083333333334,8.416666666666666,0.0,0.0,576400.2926139897,0.0,1038.1650485436894,807.6363636363636,0,103,22,106931,17768
34.199.39.85,192.168.0.102,443,60278,c4:71:54:49:11:3d,f0:a6:54:29:63:45,6,2025-07-14 02:21:12,0.0,0.0,0.0,0.0,0.0,1,0,66,0,66.0,66.0,66.0,0.0,0.0,0.0,0.0,0.0,66,66,66.0,0.0,0.0,20,0,20,0,0.0,0.0,0.0,0.0,0.0,0.0,0.0,0.0,0.0,0.0,0.0,0.0,0.0,0.0,0,0,0,0,1,0,0,0,0,0,0,0.0,66.0,26883,0,0.0,0.0,0.0,0.0,0.0,0.0,0.0,0.0,0.0,0.0,0.0,0.0,0.0,0.0,66.0,0.0,0,1,0,66,0
34.235.191.188,192.168.0.102,443,60279,c4:71:54:49:11:3d,f0:a6:54:29:63:45,6,2025-07-14 02:21:12,0.0,0.0,0.0,0.0,0.0,1,0,66,0,66.0,66.0,66.0,0.0,0.0,0.0,0.0,0.0,66,66,66.0,0.0,0.0,20,0,20,0,0.0,0.0,0.0,0.0,0.0,0.0,0.0,0.0,0.0,0.0,0.0,0.0,0.0,0.0,0,0,0,0,1,0,0,0,0,0,0,0.0,66.0,26883,0,0.0,0.0,0.0,0.0,0.0,0.0,0.0,0.0,0.0,0.0,0.0,0.0,0.0,0.0,66.0,0.0,0,1,0,66,0
192.168.0.102,172.64.149.246,61036,443,f0:a6:54:29:63:45,c4:71:54:49:11:3d,17,2025-07-14 02:21:12,380773.0674743652,44065.61659230169,65.65590409485323,23.63612547414716,42.01977862070606,9,16,4931,11848,1292.0,86.0,547.8888888888889,531.179284327585,1242.0,67.0,740.5,543.9828811644719,1292,67,671.16,547.2743867567712,299509.2544,72,128,8,9,15865.54447809855,253364.08615112305,0.0,51576.31377232703,380773.0674743652,253364.08615112305,123.02398681640624,47596.63343429565,81981.65990883984,371581.0775756836,263828.0391693115,0.0,24772.071838378903,66320.45740652186,0,0,0,0,1,0,0,0,0,0,0,1.7777777777777777,671.16,0,0,0.0,0.0,0.0,0.0,0.0,0.0,0.0,0.0,2254.0,4.0,5588.0,8.0,17558.743684751094,103718.6529984578,547.8888888888889,740.5,0,9,16,4931,11848
192.168.0.102,54.225.15.116,60283,443,f0:a6:54:29:63:45,c4:71:54:49:11:3d,6,2025-07-14 02:21:12,0.0,0.0,0.0,0.0,0.0,1,0,66,0,66.0,66.0,66.0,0.0,0.0,0.0,0.0,0.0,66,66,66.0,0.0,0.0,20,0,20,0,0.0,0.0,0.0,0.0,0.0,0.0,0.0,0.0,0.0,0.0,0.0,0.0,0.0,0.0,0,0,0,0,1,0,0,0,0,0,0,0.0,66.0,65535,0,0.0,0.0,0.0,0.0,0.0,0.0,0.0,0.0,0.0,0.0,0.0,0.0,0.0,0.0,66.0,0.0,0,1,0,66,0
192.168.0.102,54.225.15.116,60284,443,f0:a6:54:29:63:45,c4:71:54:49:11:3d,6,2025-07-14 02:21:12,0.0,0.0,0.0,0.0,0.0,1,0,66,0,66.0,66.0,66.0,0.0,0.0,0.0,0.0,0.0,66,66,66.0,0.0,0.0,20,0,20,0,0.0,0.0,0.0,0.0,0.0,0.0,0.0,0.0,0.0,0.0,0.0,0.0,0.0,0.0,0,0,0,0,1,0,0,0,0,0,0,0.0,66.0,65535,0,0.0,0.0,0.0,0.0,0.0,0.0,0.0,0.0,0.0,0.0,0.0,0.0,0.0,0.0,66.0,0.0,0,1,0,66,0
192.168.0.102,116.119.105.224,53723,3478,f0:a6:54:29:63:45,c4:71:54:49:11:3d,17,2025-07-14 02:21:12,501674.8905181885,172155.3173825206,179.39905245613843,141.52591915984254,37.87313329629589,71,19,72665,13701,1117.0,93.0,1023.450704225352,160.21031852373275,1072.0,140.0,721.1052631578947,328.61990437471457,1117,93,959.6222222222224,241.39380355564583,58270.968395061725,568,152,8,71,5636.796522676275,48743.96324157715,0.0,12603.993136019686,501674.8905181885,56590.79551696777,66.99562072753906,7166.784150259836,16845.90258331048,480586.051940918,82826.85279846191,0.0,26699.225107828777,31546.02584123224,0,0,0,0,1,0,0,0,0,0,0,0.2676056338028169,959.6222222222224,0,0,0.0,0.0,0.0,0.0,0.0,0.0,0.0,0.0,7423.888888888889,7.555555555555555,0.0,0.0,667347.1412480503,0.0,1023.450704225352,721.1052631578947,0,71,19,72665,13701
52.23.128.106,192.168.0.102,443,60280,c4:71:54:49:11:3d,f0:a6:54:29:63:45,6,2025-07-14 02:21:12,333293.9147949219,1029226.711838024,1179.1394398599075,507.0599626878484,672.0794771720593,169,224,9126,333909,54.0,54.0,54.0,0.0,1494.0,747.0,1490.665178571429,49.79950374433864,1494,54,872.8625954198474,712.2562447737598,507308.95821921807,3380,4480,20,0,850.2395785584741,129740.95344543456,0.0,7026.772243399445,333293.9147949219,129853.0101776123,0.0,1983.892349969773,10641.586409145815,238898.99253845212,129817.96264648438,0.0,1071.2959306657046,9102.00875912132,0,0,0,0,1,0,0,0,0,0,0,1.3254437869822486,872.8625954198474,2842,255,0.0,0.0,0.0,0.0,0.0,0.0,0.0,0.0,0.0,0.0,321813.0,224.0,0.0,1347067.2127183725,54.0,1490.665178571429,0,169,224,9126,333909
54.225.15.116,192.168.0.102,443,60283,c4:71:54:49:11:3d,f0:a6:54:29:63:45,6,2025-07-14 02:21:13,225020.8854675293,10590.12808988288,22.220159651453795,13.332095790872277,8.888063860581518,3,2,399,1984,279.0,54.0,133.0,103.3537614216338,1413.0,571.0,992.0,421.0,1413,54,476.6,504.37787421733714,254397.04,60,40,20,1,56255.22136688232,223775.14839172363,0.0,96718.01060648098,224375.0095367432,224375.0095367432,0.0,112187.50476837158,112187.50476837158,0.0,0.0,0.0,0.0,0.0,0,0,0,0,1,0,0,0,0,0,0,0.6666666666666666,476.6,26883,255,0.0,0.0,0.0,0.0,0.0,0.0,0.0,0.0,0.0,0.0,0.0,0.0,0.0,0.0,133.0,992.0,0,3,2,399,1984
192.168.0.102,104.18.19.125,51084,443,f0:a6:54:29:63:45,c4:71:54:49:11:3d,6,2025-07-14 02:21:13,266036.9873046875,4198.66429595641,22.5532549469458,11.2766274734729,11.2766274734729,3,3,874,243,735.0,54.0,291.3333333333333,313.974875144847,135.0,54.0,81.0,38.18376618407357,735,54,186.16666666666663,247.14194077268405,61079.13888888888,60,60,20,2,53207.3974609375,208669.18563842773,0.0,79100.28126384005,266036.9873046875,265729.1889190674,307.7983856201172,133018.49365234375,132710.69526672363,208669.18563842773,208669.18563842773,0.0,104334.59281921388,104334.59281921388,0,0,0,0,1,0,0,0,0,0,0,1.0,186.16666666666663,253,435,0.0,0.0,0.0,0.0,0.0,0.0,0.0,0.0,0.0,0.0,0.0,0.0,0.0,0.0,291.3333333333333,81.0,0,3,3,874,243
54.225.15.116,192.168.0.102,443,60284,c4:71:54:49:11:3d,f0:a6:54:29:63:45,6,2025-07-14 02:21:13,236473.08349609372,10326.756702693983,25.37286659138571,12.686433295692854,12.686433295692854,3,3,399,2043,279.0,54.0,133.0,103.3537614216338,1418.0,54.0,681.0,562.2567622240454,1418,54,407.0,488.3475538316265,238483.3333333333,60,60,20,1,47294.61669921875,235108.1371307373,0.0,93907.086778658,235733.0322265625,235733.0322265625,0.0,117866.51611328124,117866.51611328124,236282.1102142334,235848.18840026853,433.92181396484375,118141.0551071167,117707.13329315186,0,0,0,0,1,0,0,0,0,0,0,1.0,407.0,26883,255,0.0,0.0,0.0,0.0,0.0,0.0,0.0,0.0,0.0,0.0,0.0,0.0,0.0,0.0,133.0,681.0,0,3,3,399,2043
192.168.0.102,116.119.105.224,53723,3478,f0:a6:54:29:63:45,c4:71:54:49:11:3d,17,2025-07-14 02:21:13,2699590.921401977,165083.5304219191,164.46936329502014,133.3535378067731,31.11582548824705,360,84,378296,67362,1157.0,62.0,1050.8222222222223,173.14681168032442,1130.0,62.0,801.9285714285714,292.41204561674385,1157,62,1003.7342342342342,223.5781029244512,49987.168107296486,2880,672,8,360,6093.884698424328,54171.085357666016,0.0,13042.041169584028,2699590.921401977,56838.035583496094,63.89617919921875,7519.7518702004945,17088.994908773133,2647495.985031128,83973.16932678223,0.0,31897.541988326844,31842.33488287447,0,0,0,0,1,0,0,0,0,0,0,0.2333333333333333,1003.7342342342342,0,0,0.0,0.0,0.0,0.0,0.0,0.0,0.0,0.0,8379.32558139535,8.30232558139535,0.0,0.0,509206.0747224518,0.0,1050.8222222222223,801.9285714285714,0,360,84,378296,67362
52.23.128.106,192.168.0.102,443,60280,c4:71:54:49:11:3d,f0:a6:54:29:63:45,6,2025-07-14 02:21:13,288141.01219177246,4077.864483997779,48.5873215114629,38.175752616149424,10.41156889531348,11,3,989,186,449.0,54.0,89.9090909090909,113.55451597877362,78.0,54.0,62.0,11.31370849898476,449,54,83.92857142857143,101.4399641489024,10290.066326530608,220,60,20,1,22164.69324552096,222965.0020599365,0.0,59223.88329563039,288141.01219177246,224813.93814086917,0.0,28814.10121917725,66713.9242802284,1760.9596252441406,901.9374847412108,859.0221405029297,880.4798126220703,21.457672119140625,0,0,0,0,1,0,0,0,0,0,0,0.2727272727272727,83.92857142857143,4632,253,0.0,0.0,0.0,0.0,0.0,0.0,0.0,0.0,0.0,0.0,0.0,0.0,0.0,0.0,89.9090909090909,62.0,0,11,3,989,186
54.225.15.116,192.168.0.102,443,60283,c4:71:54:49:11:3d,f0:a6:54:29:63:45,6,2025-07-14 02:21:13,450178.861618042,2630.0657381922447,19.992053753150508,11.10669652952806,8.885357223622448,5,4,851,333,456.0,54.0,170.2,158.8287127694486,147.0,54.0,83.25,38.08789177678386,456,54,131.55555555555554,128.5544511620669,16526.246913580246,100,80,20,2,56272.35770225525,231068.13430786133,0.0,96971.5183096798,450178.861618042,231241.9414520264,0.0,112544.7154045105,112628.7692336572,232826.23291015625,231250.04768371585,780.1055908203125,77608.74430338542,108640.80768630042,0,0,0,0,1,0,0,0,0,0,0,0.8,131.55555555555554,120,252,0.0,0.0,0.0,0.0,0.0,0.0,0.0,0.0,0.0,0.0,0.0,0.0,0.0,0.0,170.2,83.25,0,5,4,851,333
54.225.15.116,192.168.0.102,443,60284,c4:71:54:49:11:3d,f0:a6:54:29:63:45,6,2025-07-14 02:21:13,485136.9857788086,2438.4865196391606,18.551461265217625,10.306367369565343,8.245093895652277,5,4,844,339,449.0,54.0,168.8,156.31429877013812,153.0,54.0,84.75,40.60403305091749,449,54,131.44444444444446,126.69483117678314,16051.58024691358,100,80,20,2,60642.123222351074,250031.9480895996,0.0,104554.57922357344,485136.9857788086,250164.03198242188,0.0,121284.24644470216,121403.10763203728,251862.0491027832,250186.9201660156,775.0988006591797,83954.0163675944,117544.42459740063,0,0,0,0,1,0,0,0,0,0,0,0.8,131.44444444444446,180,252,0.0,0.0,0.0,0.0,0.0,0.0,0.0,0.0,0.0,0.0,0.0,0.0,0.0,0.0,168.8,84.75,0,5,4,844,339
54.225.15.116,192.168.0.102,443,60277,c4:71:54:49:11:3d,f0:a6:54:29:63:45,6,2025-07-14 02:21:13,0.0,0.0,0.0,0.0,0.0,1,0,66,0,66.0,66.0,66.0,0.0,0.0,0.0,0.0,0.0,66,66,66.0,0.0,0.0,20,0,20,0,0.0,0.0,0.0,0.0,0.0,0.0,0.0,0.0,0.0,0.0,0.0,0.0,0.0,0.0,0,0,0,0,1,0,0,0,0,0,0,0.0,66.0,26883,0,0.0,0.0,0.0,0.0,0.0,0.0,0.0,0.0,0.0,0.0,0.0,0.0,0.0,0.0,66.0,0.0,0,1,0,66,0
34.199.39.85,192.168.0.102,443,60278,c4:71:54:49:11:3d,f0:a6:54:29:63:45,6,2025-07-14 02:21:14,0.0,0.0,0.0,0.0,0.0,1,0,66,0,66.0,66.0,66.0,0.0,0.0,0.0,0.0,0.0,66,66,66.0,0.0,0.0,20,0,20,0,0.0,0.0,0.0,0.0,0.0,0.0,0.0,0.0,0.0,0.0,0.0,0.0,0.0,0.0,0,0,0,0,1,0,0,0,0,0,0,0.0,66.0,26883,0,0.0,0.0,0.0,0.0,0.0,0.0,0.0,0.0,0.0,0.0,0.0,0.0,0.0,0.0,66.0,0.0,0,1,0,66,0
34.235.191.188,192.168.0.102,443,60279,c4:71:54:49:11:3d,f0:a6:54:29:63:45,6,2025-07-14 02:21:14,0.0,0.0,0.0,0.0,0.0,1,0,66,0,66.0,66.0,66.0,0.0,0.0,0.0,0.0,0.0,66,66,66.0,0.0,0.0,20,0,20,0,0.0,0.0,0.0,0.0,0.0,0.0,0.0,0.0,0.0,0.0,0.0,0.0,0.0,0.0,0,0,0,0,1,0,0,0,0,0,0,0.0,66.0,26883,0,0.0,0.0,0.0,0.0,0.0,0.0,0.0,0.0,0.0,0.0,0.0,0.0,0.0,0.0,66.0,0.0,0,1,0,66,0
192.168.0.102,103.21.187.18,51638,53,f0:a6:54:29:63:45,c4:71:54:49:11:3d,17,2025-07-14 02:21:15,11037.111282348633,27815.249130538094,181.2068347266325,90.60341736331628,90.60341736331628,1,1,92,215,92.0,92.0,92.0,0.0,215.0,215.0,215.0,0.0,215,92,153.5,61.5,3782.25,8,8,8,1,0.0,0.0,0.0,0.0,0.0,0.0,0.0,0.0,0.0,0.0,0.0,0.0,0.0,0.0,0,0,0,0,0,0,0,0,0,0,0,1.0,153.5,0,0,0.0,0.0,0.0,0.0,0.0,0.0,0.0,0.0,0.0,0.0,0.0,0.0,0.0,0.0,92.0,215.0,0,1,1,92,215
192.168.0.102,52.168.117.170,60288,443,f0:a6:54:29:63:45,c4:71:54:49:11:3d,6,2025-07-14 02:21:15,672685.1463317871,15326.63543445453,28.24501195486286,14.865795765717296,13.379216189145566,10,9,2900,7410,1182.0,54.0,290.0,370.4065334197009,1494.0,54.0,823.3333333333334,627.2350259494265,1494,54,542.6315789473684,574.0068045192053,329483.8116343491,200,180,20,4,37371.39701843262,213207.00645446777,0.0,77513.38182062791,672685.1463317871,213320.0168609619,68.90296936035156,74742.79403686523,96132.8660054334,465091.9437408447,243214.13040161133,0.0,58136.49296760559,99640.11400912271,0,0,0,0,1,0,0,0,0,0,0,0.9,542.6315789473684,65535,16385,0.0,0.0,0.0,0.0,0.0,0.0,0.0,0.0,0.0,0.0,6363.0,5.0,0.0,25345067.76068376,290.0,823.3333333333334,0,10,9,2900,7410
192.168.0.102,116.119.105.224,53723,3478,f0:a6:54:29:63:45,c4:71:54:49:11:3d,17,2025-07-14 02:21:16,2952657.93800354,165656.84555073362,165.61349477909408,133.100416049456,32.5130787296381,393,96,413229,75899,1157.0,62.0,1051.473282442748,171.53079656921176,1090.0,62.0,790.6145833333334,285.41761690079045,1157,62,1000.2617586912064,224.44528527820444,50375.68608361457,3144,768,8,393,6050.528561482664,52805.90057373047,0.0,12930.716091103024,2952657.93800354,69731.9507598877,60.08148193359375,7532.290658172296,17225.01090811125,2930071.1154937744,89649.20043945312,0.0,30842.85384730289,31482.16627913749,0,0,0,0,1,0,0,0,0,0,0,0.2442748091603053,1000.2617586912064,0,0,0.0,0.0,0.0,0.0,0.0,0.0,0.0,0.0,8416.702127659575,8.319148936170214,0.0,0.0,580216.4364118562,0.0,1051.473282442748,790.6145833333334,0,393,96,413229,75899
192.168.0.102,54.196.156.172,57495,443,f0:a6:54:29:63:45,c4:71:54:49:11:3d,6,2025-07-14 02:21:16,228440.9999847412,529.6772471144944,8.754995820074289,4.377497910037144,4.377497910037144,1,1,55,66,55.0,55.0,55.0,0.0,66.0,66.0,66.0,0.0,66,55,60.5,5.5,30.25,20,20,20,1,0.0,0.0,0.0,0.0,0.0,0.0,0.0,0.0,0.0,0.0,0.0,0.0,0.0,0.0,0,0,0,0,1,0,0,0,0,0,0,1.0,60.5,251,316,0.0,0.0,0.0,0.0,0.0,0.0,0.0,0.0,0.0,0.0,0.0,0.0,0.0,0.0,55.0,66.0,0,1,1,55,66
192.168.0.102,104.18.19.125,51084,443,f0:a6:54:29:63:45,c4:71:54:49:11:3d,6,2025-07-14 02:21:18,258738.04092407227,3200.1479065190106,23.18947758347109,11.594738791735546,11.594738791735546,3,3,585,243,446.0,54.0,195.0,177.93444485727508,135.0,54.0,81.0,38.18376618407357,446,54,138.0,140.74208089030563,19808.33333333333,60,60,20,2,51747.60818481445,209393.02444458008,0.0,80228.94178976513,258738.04092407227,258372.06840515137,365.9725189208984,129369.02046203612,129003.04794311523,209393.02444458008,209393.02444458008,0.0,104696.51222229004,104696.51222229004,0,0,0,0,1,0,0,0,0,0,0,1.0,138.0,252,435,0.0,0.0,0.0,0.0,0.0,0.0,0.0,0.0,0.0,0.0,0.0,0.0,0.0,0.0,195.0,81.0,0,3,3,585,243
54.225.15.116,192.168.0.102,443,60277,c4:71:54:49:11:3d,f0:a6:54:29:63:45,6,2025-07-14 02:21:18,0.0,0.0,0.0,0.0,0.0,1,0,66,0,66.0,66.0,66.0,0.0,0.0,0.0,0.0,0.0,66,66,66.0,0.0,0.0,20,0,20,0,0.0,0.0,0.0,0.0,0.0,0.0,0.0,0.0,0.0,0.0,0.0,0.0,0.0,0.0,0,0,0,0,1,0,0,0,0,0,0,0.0,66.0,26883,0,0.0,0.0,0.0,0.0,0.0,0.0,0.0,0.0,0.0,0.0,0.0,0.0,0.0,0.0,66.0,0.0,0,1,0,66,0
34.235.191.188,192.168.0.102,443,60279,c4:71:54:49:11:3d,f0:a6:54:29:63:45,6,2025-07-14 02:21:18,0.0,0.0,0.0,0.0,0.0,1,0,66,0,66.0,66.0,66.0,0.0,0.0,0.0,0.0,0.0,66,66,66.0,0.0,0.0,20,0,20,0,0.0,0.0,0.0,0.0,0.0,0.0,0.0,0.0,0.0,0.0,0.0,0.0,0.0,0.0,0,0,0,0,1,0,0,0,0,0,0,0.0,66.0,26883,0,0.0,0.0,0.0,0.0,0.0,0.0,0.0,0.0,0.0,0.0,0.0,0.0,0.0,0.0,66.0,0.0,0,1,0,66,0
34.199.39.85,192.168.0.102,443,60278,c4:71:54:49:11:3d,f0:a6:54:29:63:45,6,2025-07-14 02:21:18,0.0,0.0,0.0,0.0,0.0,1,0,66,0,66.0,66.0,66.0,0.0,0.0,0.0,0.0,0.0,66,66,66.0,0.0,0.0,20,0,20,0,0.0,0.0,0.0,0.0,0.0,0.0,0.0,0.0,0.0,0.0,0.0,0.0,0.0,0.0,0,0,0,0,1,0,0,0,0,0,0,0.0,66.0,26883,0,0.0,0.0,0.0,0.0,0.0,0.0,0.0,0.0,0.0,0.0,0.0,0.0,0.0,0.0,66.0,0.0,0,1,0,66,0
192.168.0.102,116.119.105.224,53723,3478,f0:a6:54:29:63:45,c4:71:54:49:11:3d,17,2025-07-14 02:21:19,3049780.84564209,163918.00765433357,163.9462064018347,132.46853477268243,31.477671629152265,404,96,424723,75191,1157.0,62.0,1051.2945544554457,171.00473292636474,1151.0,62.0,783.2395833333334,286.6456052628281,1157,62,999.828,224.8352961970162,50550.910416000006,3232,768,8,404,6111.785261807795,53695.2018737793,0.0,13014.32742209991,3049780.84564209,61310.0528717041,61.98883056640625,7567.694406059776,17277.2532625697,2923825.025558472,82226.03797912598,0.0,30777.10553219444,32196.177356068783,0,0,0,0,1,0,0,0,0,0,0,0.2376237623762376,999.828,0,0,0.0,0.0,0.0,0.0,0.0,0.0,0.0,0.0,8472.208333333334,8.395833333333334,0.0,0.0,477435.10327067855,0.0,1051.2945544554457,783.2395833333334,0,404,96,424723,75191
192.168.0.102,116.119.105.224,53723,3478,f0:a6:54:29:63:45,c4:71:54:49:11:3d,17,2025-07-14 02:21:22,2745684.1468811035,166042.76952899707,169.3566976843298,135.84956609947315,33.507131584856644,373,92,384878,71023,1154.0,62.0,1031.8445040214476,174.18698914756197,1084.0,62.0,771.9891304347826,295.6831623385887,1154,62,980.432258064516,228.8063655974455,52352.3529379119,2984,736,8,373,5917.422730347206,52801.84745788574,0.0,12138.052009850451,2745684.1468811035,60522.07946777344,64.13459777832031,7380.871362583612,16816.2948314707,2717495.2030181885,82687.8547668457,0.0,29862.58464855152,30877.423499603337,0,0,0,0,1,0,0,0,0,0,0,0.2466487935656836,980.432258064516,0,0,0.0,0.0,0.0,0.0,0.0,0.0,0.0,0.0,8323.863636363636,8.409090909090908,0.0,0.0,537719.9883786461,0.0,1031.8445040214476,771.9891304347826,0,373,92,384878,71023
192.168.0.102,172.64.149.246,61036,443,f0:a6:54:29:63:45,c4:71:54:49:11:3d,17,2025-07-14 02:21:22,401243.2098388672,41882.328692237854,62.306350330612695,24.922540132245075,37.38381019836761,10,15,5019,11786,1292.0,87.0,501.9,522.4661615836953,1242.0,66.0,785.7333333333333,524.0368265261093,1292,66,672.2,541.5642528823334,293291.84,80,120,8,10,16718.467076619465,245844.841003418,0.0,50616.54070486916,401243.2098388672,245844.841003418,108.0036163330078,44582.57887098524,76679.42919375181,388324.9759674072,256367.92182922363,0.0,27737.49828338623,66851.30542368228,0,0,0,0,1,0,0,0,0,0,0,1.5,672.2,0,0,0.0,0.0,0.0,0.0,0.0,0.0,0.0,0.0,2946.0,4.0,4482.5,5.5,5176547.793883536,127926.89272725418,501.9,785.7333333333333,0,10,15,5019,11786
192.168.0.102,142.251.12.188,50133,5228,f0:a6:54:29:63:45,c4:71:54:49:11:3d,6,2025-07-14 02:21:22,71375.84686279297,1695.2513394706252,28.020683297035127,14.010341648517564,14.010341648517564,1,1,55,66,55.0,55.0,55.0,0.0,66.0,66.0,66.0,0.0,66,55,60.5,5.5,30.25,20,20,20,1,0.0,0.0,0.0,0.0,0.0,0.0,0.0,0.0,0.0,0.0,0.0,0.0,0.0,0.0,0,0,0,0,1,0,0,0,0,0,0,1.0,60.5,252,1046,0.0,0.0,0.0,0.0,0.0,0.0,0.0,0.0,0.0,0.0,0.0,0.0,0.0,0.0,55.0,66.0,0,1,1,55,66
192.168.0.102,104.18.19.125,51084,443,f0:a6:54:29:63:45,c4:71:54:49:11:3d,6,2025-07-14 02:21:23,262950.8972167969,3148.876876876877,22.81794838316577,11.408974191582889,11.408974191582889,3,3,585,243,446.0,54.0,195.0,177.93444485727508,135.0,54.0,81.0,38.18376618407357,446,54,138.0,140.74208089030563,19808.33333333333,60,60,20,2,52590.179443359375,216753.9596557617,0.0,83450.21585914235,262950.8972167969,262598.03771972656,352.8594970703125,131475.44860839844,131122.58911132812,216753.9596557617,216753.9596557617,0.0,108376.97982788086,108376.97982788086,0,0,0,0,1,0,0,0,0,0,0,1.0,138.0,252,435,0.0,0.0,0.0,0.0,0.0,0.0,0.0,0.0,0.0,0.0,0.0,0.0,0.0,0.0,195.0,81.0,0,3,3,585,243
192.168.0.102,35.186.224.40,50304,443,f0:a6:54:29:63:45,c4:71:54:49:11:3d,6,2025-07-14 02:21:23,5969.047546386719,22784.20450551206,335.06183096341266,167.53091548170633,167.53091548170633,1,1,82,54,82.0,82.0,82.0,0.0,54.0,54.0,54.0,0.0,82,54,68.0,14.0,196.0,20,20,20,1,0.0,0.0,0.0,0.0,0.0,0.0,0.0,0.0,0.0,0.0,0.0,0.0,0.0,0.0,0,0,0,0,1,0,0,0,0,0,0,1.0,68.0,254,1050,0.0,0.0,0.0,0.0,0.0,0.0,0.0,0.0,0.0,0.0,0.0,0.0,0.0,0.0,82.0,54.0,0,1,1,82,54
192.168.0.102,116.119.105.224,53723,3478,f0:a6:54:29:63:45,c4:71:54:49:11:3d,17,2025-07-14 02:21:24,2850302.9346466064,163654.18367638678,163.14055406102048,131.56496295243588,31.575591108584607,375,90,396215,70249,1154.0,62.0,1056.5733333333333,163.0049956971326,1112.0,62.0,780.5444444444445,280.99237479219613,1154,62,1003.1483870967742,220.45968963840767,48602.47475546305,3000,720,8,375,6142.885520540434,54365.87333679199,-4.0531158447265625,13273.206012883333,2850302.9346466064,59413.19465637207,63.89617919921875,7621.130841301087,17304.55434169882,2732395.887374878,83606.95838928223,0.0,30701.077386234585,31215.239790255127,0,0,0,0,1,0,0,0,0,0,0,0.24,1003.1483870967742,0,0,0.0,0.0,0.0,0.0,0.0,0.0,0.0,0.0,8776.720930232557,8.627906976744185,0.0,0.0,427073.7272908529,0.0,1056.5733333333333,780.5444444444445,0,375,90,396215,70249
192.168.0.102,54.225.15.116,60299,443,f0:a6:54:29:63:45,c4:71:54:49:11:3d,6,2025-07-14 02:21:26,1246461.1530303955,3104.789901066117,14.44088326077264,8.022712922651465,6.418170338121173,10,8,2625,1245,1494.0,54.0,262.5,437.18628752512353,451.0,54.0,155.625,140.4447733986566,1494,54,215.0,343.1781202556804,117771.22222222222,200,160,20,5,73321.24429590562,246035.09902954104,0.0,108358.61090031876,1000426.0540008544,244809.1506958008,0.0,111158.45044453938,115392.36803265796,1005409.0023040771,268861.0553741455,0.0,143629.85747201103,124605.5038093464,0,0,0,0,1,0,0,0,0,0,0,0.8,215.0,65535,120,0.0,0.0,0.0,0.0,0.0,0.0,0.0,0.0,0.0,0.0,0.0,0.0,0.0,0.0,262.5,155.625,0,10,8,2625,1245
192.168.0.102,54.225.15.116,60300,443,f0:a6:54:29:63:45,c4:71:54:49:11:3d,6,2025-07-14 02:21:26,960036.039352417,3802.982232274058,17.707668569887424,7.29139294054188,10.416275629345543,7,10,2276,1375,1399.0,54.0,325.1428571428572,472.4412067946138,449.0,54.0,137.5,130.2645385360114,1399,54,214.76470588235293,332.2893015593428,110416.17993079584,140,200,20,3,60002.25245952606,238408.08868408203,0.0,100921.56369710118,725106.954574585,253834.96284484863,493.0496215820313,120851.15909576416,119858.07513235214,726366.9967651367,239150.0473022461,0.0,80707.44408501519,110308.36145575688,0,0,0,0,1,0,0,0,0,0,0,1.4285714285714286,214.76470588235293,65535,0,0.0,0.0,0.0,0.0,0.0,0.0,0.0,0.0,0.0,0.0,0.0,0.0,0.0,0.0,325.1428571428572,137.5,0,7,10,2276,1375
192.168.0.102,116.119.105.224,53723,3478,f0:a6:54:29:63:45,c4:71:54:49:11:3d,17,2025-07-14 02:21:27,2230099.91645813,164703.83111056278,166.36025913548593,133.17788938878522,33.182369746700694,297,74,310405,56901,1151.0,62.0,1045.13468013468,195.6468388831392,1104.0,62.0,768.9324324324324,294.8041645476261,1151,62,990.043126684636,245.27364832075676,60159.16256057425,2376,592,8,297,6027.297071508459,49661.87477111816,0.0,12607.367788872183,2230099.91645813,58018.92280578613,62.9425048828125,7534.121339385574,17130.763115497455,2197919.8455810547,83374.0234375,0.0,30108.491035356918,31256.219992993698,0,0,0,0,1,0,0,0,0,0,0,0.2491582491582491,990.043126684636,0,0,0.0,0.0,0.0,0.0,0.0,0.0,0.0,0.0,8696.911764705883,8.588235294117647,1894.0,4.0,541216.1624039414,126342.09291155748,1045.13468013468,768.9324324324324,0,297,74,310405,56901
192.168.0.102,54.225.15.116,60304,443,f0:a6:54:29:63:45,c4:71:54:49:11:3d,6,2025-07-14 02:21:28,1040826.0822296144,7566.105552553509,23.058607398258317,9.607753082607632,13.450854315650684,10,14,2148,5727,1007.0,54.0,214.8,303.8245546363888,1494.0,54.0,409.07142857142856,571.2499408297206,1494,54,328.125,487.8448619950814,237992.609375,200,280,20,5,45253.30792302671,285192.01278686523,0.0,97765.40930457554,755634.069442749,251672.0294952393,257.9689025878906,83959.34104919434,116654.15137543864,795990.9439086914,285308.1226348877,0.0,61230.07260836088,111157.68298214804,0,0,0,0,1,0,0,0,0,0,0,1.4,328.125,65535,180,0.0,0.0,0.0,0.0,0.0,0.0,0.0,0.0,0.0,0.0,4392.0,4.0,0.0,23347760.66920152,214.8,409.07142857142856,0,10,14,2148,5727
192.168.0.102,54.225.15.116,60305,443,f0:a6:54:29:63:45,c4:71:54:49:11:3d,6,2025-07-14 02:21:28,1207259.178161621,3823.536887107464,13.253160787200915,6.626580393600458,6.626580393600458,8,8,2860,1756,1412.0,54.0,357.5,453.12305171994944,962.0,54.0,219.5,293.2899589143822,1412,54,288.5,387.854031821251,150430.75,160,160,20,4,80483.94521077473,252608.060836792,0.0,113398.05044512013,972090.9595489502,252778.0532836914,507.1163177490234,138870.13707842145,119721.30993316173,967094.1829681396,252696.99096679688,0.0,138156.31185259137,119749.87399931085,0,0,0,0,1,0,0,0,0,0,0,1.0,288.5,65535,189,0.0,0.0,0.0,0.0,0.0,0.0,0.0,0.0,0.0,0.0,0.0,0.0,0.0,0.0,357.5,219.5,0,8,8,2860,1756
192.168.0.102,54.225.15.116,60306,443,f0:a6:54:29:63:45,c4:71:54:49:11:3d,6,2025-07-14 02:21:28,1122488.9755249023,3926.0964660603295,14.254037544126456,7.127018772063228,7.127018772063228,8,8,2752,1655,1411.0,54.0,344.0,447.8780525991422,861.0,54.0,206.875,261.5083351922076,1411,54,275.4375,373.0837655188845,139191.49609375,160,160,20,4,74832.59836832683,229496.0021972656,0.0,105158.30892914624,902817.0108795166,229724.88403320312,579.1187286376953,128973.8586970738,110691.73412117091,897994.9951171875,229691.0285949707,0.0,128284.99930245536,111075.20257903804,0,0,0,0,1,0,0,0,0,0,0,1.0,275.4375,65535,189,0.0,0.0,0.0,0.0,0.0,0.0,0.0,0.0,0.0,0.0,0.0,0.0,0.0,0.0,344.0,206.875,0,8,8,2752,1655
192.168.0.102,54.225.15.116,60307,443,f0:a6:54:29:63:45,c4:71:54:49:11:3d,6,2025-07-14 02:21:28,983873.8441467284,3779.95616219001,18.29502848061849,8.131123769163775,10.16390471145472,8,10,2325,1394,1394.0,54.0,290.625,449.3993039324827,468.0,54.0,139.4,134.85191878501396,1394,54,206.61111111111111,324.822026293526,105509.34876543208,160,200,20,3,57874.93200863109,248240.94772338867,0.0,103192.06470791817,735632.8964233398,244703.0544281006,157.1178436279297,105090.41377476284,120456.81992402284,739949.9416351318,250640.869140625,0.0,82216.66018168132,115213.3124255852,0,0,0,0,1,0,0,0,0,0,0,1.25,206.61111111111111,65535,0,0.0,0.0,0.0,0.0,0.0,0.0,0.0,0.0,0.0,0.0,0.0,0.0,0.0,0.0,290.625,139.4,0,8,10,2325,1394
192.168.0.102,104.18.19.125,51084,443,f0:a6:54:29:63:45,c4:71:54:49:11:3d,6,2025-07-14 02:21:28,266229.86793518066,3110.094319701177,22.536915360153458,11.268457680076729,11.268457680076729,3,3,585,243,446.0,54.0,195.0,177.93444485727508,135.0,54.0,81.0,38.18376618407357,446,54,138.0,140.74208089030563,19808.33333333333,60,60,20,2,53245.97358703613,216187.9539489746,0.0,82855.32621964482,266229.86793518066,265168.9052581787,1060.9626770019531,133114.93396759033,132053.97129058838,216187.9539489746,216187.9539489746,0.0,108093.9769744873,108093.9769744873,0,0,0,0,1,0,0,0,0,0,0,1.0,138.0,252,436,0.0,0.0,0.0,0.0,0.0,0.0,0.0,0.0,0.0,0.0,0.0,0.0,0.0,0.0,195.0,81.0,0,3,3,585,243
192.168.0.102,103.21.187.18,51638,53,f0:a6:54:29:63:45,c4:71:54:49:11:3d,17,2025-07-14 02:21:28,7697.820663452148,41959.92789667668,259.8137950258618,129.9068975129309,129.9068975129309,1,1,74,249,74.0,74.0,74.0,0.0,249.0,249.0,249.0,0.0,249,74,161.5,87.5,7656.25,8,8,8,1,0.0,0.0,0.0,0.0,0.0,0.0,0.0,0.0,0.0,0.0,0.0,0.0,0.0,0.0,0,0,0,0,0,0,0,0,0,0,0,1.0,161.5,0,0,0.0,0.0,0.0,0.0,0.0,0.0,0.0,0.0,0.0,0.0,0.0,0.0,0.0,0.0,74.0,249.0,0,1,1,74,249
192.168.0.102,3.232.2.183,60309,443,f0:a6:54:29:63:45,c4:71:54:49:11:3d,6,2025-07-14 02:21:28,1009531.021118164,9427.149637718809,19.81117923236064,8.915030654562287,10.89614857779835,9,11,2537,6980,1494.0,54.0,281.8888888888889,456.7329500422769,1494.0,54.0,634.5454545454545,657.9288941459146,1494,54,475.85,602.2721374096598,362731.7275,180,220,20,4,53133.21163779811,257228.13606262207,0.0,102499.6094241226,1009413.0039215088,257356.1668395996,0.0,126176.6254901886,125608.15912044786,761614.0842437744,257359.98153686523,0.0,76161.40842437744,116230.748955298,0,0,0,0,1,0,0,0,0,0,0,1.2222222222222223,475.85,65535,121,0.0,0.0,0.0,0.0,0.0,0.0,0.0,0.0,0.0,0.0,4383.0,4.0,0.0,15218240.42384106,281.8888888888889,634.5454545454545,0,9,11,2537,6980
192.168.0.102,3.232.2.183,60310,443,f0:a6:54:29:63:45,c4:71:54:49:11:3d,6,2025-07-14 02:21:28,918190.0024414062,9199.620969015114,25.049281672469235,10.890992031508365,14.158289640960872,10,13,2559,5888,1494.0,54.0,255.9,439.8464391125612,1494.0,54.0,452.9230769230769,590.5967596798839,1494,54,367.2608695652174,539.2633636965622,290804.9754253308,200,260,20,4,41735.9092018821,234441.04194641116,0.0,86054.37115666995,694131.1359405518,246964.9314880371,0.0,77125.68177117241,108174.27494491111,701046.9436645508,236861.9441986084,0.0,58420.57863871256,98021.7454677934,0,0,0,0,1,0,0,0,0,0,0,1.3,367.2608695652174,65535,0,0.0,0.0,0.0,0.0,0.0,0.0,0.0,0.0,0.0,0.0,4383.0,4.0,0.0,934127.7658536586,255.9,452.9230769230769,0,10,13,2559,5888
192.168.0.102,18.233.27.106,59205,443,f0:a6:54:29:63:45,c4:71:54:49:11:3d,6,2025-07-14 02:21:29,478837.0132446289,785.2358727496878,8.353573114358381,8.353573114358381,0.0,4,0,376,0,134.0,54.0,94.0,30.463092423455635,0.0,0.0,0.0,0.0,134,54,94.0,30.463092423455635,928.0,80,0,20,3,159612.33774820963,477747.91717529297,382.9002380371094,224955.86426832664,478837.0132446289,477747.91717529297,382.9002380371094,159612.33774820963,224955.86426832664,0.0,0.0,0.0,0.0,0.0,0,0,0,0,1,0,0,0,0,0,0,0.0,94.0,253,0,0.0,0.0,0.0,0.0,0.0,0.0,0.0,0.0,0.0,0.0,0.0,0.0,0.0,0.0,94.0,0.0,0,4,0,376,0
192.168.0.102,3.232.2.183,60309,443,f0:a6:54:29:63:45,c4:71:54:49:11:3d,6,2025-07-14 02:21:29,246706.9625854492,972.8140522863184,16.213567538105305,12.16017565357898,4.053391884526326,3,1,186,54,78.0,54.0,62.0,11.31370849898476,54.0,54.0,54.0,0.0,78,54,60.0,10.392304845413264,108.0,60,20,20,1,82235.65419514973,245211.8396759033,660.1810455322266,115241.58801037256,1495.1229095458984,834.9418640136719,660.1810455322266,747.5614547729492,87.38040924072266,0.0,0.0,0.0,0.0,0.0,0,0,0,0,1,0,0,0,0,0,0,0.3333333333333333,60.0,255,120,0.0,0.0,0.0,0.0,0.0,0.0,0.0,0.0,0.0,0.0,0.0,0.0,0.0,0.0,62.0,54.0,0,3,1,186,54
192.168.0.102,116.119.105.224,53723,3478,f0:a6:54:29:63:45,c4:71:54:49:11:3d,17,2025-07-14 02:21:29,2350694.179534912,166741.8090419357,167.18465695004,134.8537818146633,32.330875135376694,317,76,332827,59132,1161.0,62.0,1049.9274447949526,170.36836441601,1118.0,62.0,778.0526315789474,294.2132190819245,1161,62,997.351145038168,227.33641627071324,51681.846162811016,2536,608,8,317,5996.668825344163,57984.113693237305,0.0,12964.248390096503,2350694.179534912,81811.18965148926,59.1278076171875,7438.905631439596,17150.394038205803,2276738.166809082,83524.94239807129,0.0,30356.50889078776,30308.331130491875,0,0,0,0,1,0,0,0,0,0,0,0.2397476340694006,997.351145038168,0,0,0.0,0.0,0.0,0.0,0.0,0.0,0.0,0.0,9128.371428571429,9.028571428571428,3155.0,4.0,430327.8324765103,54411.45512185294,1049.9274447949526,778.0526315789474,0,317,76,332827,59132
192.168.0.102,3.232.2.183,60311,443,f0:a6:54:29:63:45,c4:71:54:49:11:3d,6,2025-07-14 02:21:29,923012.9718780518,4193.8738868682285,20.58475945504943,9.750675531339205,10.834083923710226,9,10,2496,1375,1494.0,54.0,277.3333333333333,458.6208794975553,449.0,54.0,137.5,130.2645385360114,1494,54,203.73684210526315,336.804463357296,113437.24653739612,180,200,20,4,51278.49843766954,230020.99990844727,0.0,93882.4620798387,697957.0388793945,239835.02388000488,0.0,87244.62985992432,111546.89235648212,696841.9551849365,230648.9944458008,0.0,77426.8839094374,107086.89564817512,0,0,0,0,1,0,0,0,0,0,0,1.1111111111111112,203.73684210526315,65535,0,0.0,0.0,0.0,0.0,0.0,0.0,0.0,0.0,0.0,0.0,0.0,0.0,0.0,0.0,277.3333333333333,137.5,0,9,10,2496,1375
192.168.0.102,3.232.2.183,60312,443,f0:a6:54:29:63:45,c4:71:54:49:11:3d,6,2025-07-14 02:21:29,939070.9400177002,4064.655647770396,19.167880969312844,8.519058208583488,10.648822760729358,8,10,2442,1375,1494.0,54.0,305.25,479.17709408944,449.0,54.0,137.5,130.2645385360114,1494,54,212.05555555555557,344.1286051951802,118424.49691358022,160,200,20,4,55239.46705986472,254808.9027404785,0.0,97386.02462974437,684262.0372772217,235407.11402893063,0.0,97751.71961103169,112303.694822804,715102.9109954834,256783.96224975583,0.0,79455.87899949815,109395.47596823722,0,0,0,0,1,0,0,0,0,0,0,1.25,212.05555555555557,65535,0,0.0,0.0,0.0,0.0,0.0,0.0,0.0,0.0,0.0,0.0,0.0,0.0,0.0,0.0,305.25,137.5,0,8,10,2442,1375
192.168.0.102,103.21.187.18,51638,53,f0:a6:54:29:63:45,c4:71:54:49:11:3d,17,2025-07-14 02:21:30,4166.841506958008,95755.98191909368,479.97985924357727,239.98992962178863,239.98992962178863,1,1,76,323,76.0,76.0,76.0,0.0,323.0,323.0,323.0,0.0,323,76,199.5,123.5,15252.25,8,8,8,1,0.0,0.0,0.0,0.0,0.0,0.0,0.0,0.0,0.0,0.0,0.0,0.0,0.0,0.0,0,0,0,0,0,0,0,0,0,0,0,1.0,199.5,0,0,0.0,0.0,0.0,0.0,0.0,0.0,0.0,0.0,0.0,0.0,0.0,0.0,0.0,0.0,76.0,323.0,0,1,1,76,323
192.168.0.102,13.107.42.12,60313,443,f0:a6:54:29:63:45,c4:71:54:49:11:3d,6,2025-07-14 02:21:30,784274.8165130615,21137.99863382953,30.60151810905469,12.750632545439457,17.85088556361524,10,14,3334,13244,1494.0,54.0,333.4,465.0591790299381,1494.0,54.0,946.0,649.5788745685271,1494,54,690.75,653.8114056566058,427469.3541666667,200,280,20,4,34098.905065785286,686707.9734802246,0.0,139433.36303326426,784274.8165130615,686780.9295654297,0.0,87141.64627922905,212630.3229261801,776682.8536987305,727074.8615264893,0.0,59744.83489990234,192853.72565068468,0,0,0,0,1,0,0,0,0,0,0,1.4,690.75,65535,16385,0.0,0.0,0.0,0.0,0.0,0.0,0.0,0.0,0.0,0.0,9137.0,7.0,0.0,27851275.906976745,333.4,946.0,0,10,14,3334,13244
192.168.0.102,239.255.255.250,59758,1900,f0:a6:54:29:63:45,01:00:5e:7f:ff:fa,17,2025-07-14 02:21:30,2002434.015274048,317.6134619911352,1.4981767075053547,1.4981767075053547,0.0,3,0,636,0,212.0,212.0,212.0,0.0,0.0,0.0,0.0,0.0,212,212,212.0,0.0,0.0,24,0,8,3,1001217.007637024,1001814.1269683838,1000619.888305664,597.1193313598633,2002434.015274048,1001814.1269683838,1000619.888305664,1001217.007637024,597.1193313598633,0.0,0.0,0.0,0.0,0.0,0,0,0,0,0,0,0,0,0,0,0,0.0,212.0,0,0,0.0,0.0,0.0,0.0,0.0,0.0,0.0,0.0,0.0,0.0,0.0,0.0,0.0,0.0,212.0,0.0,0,3,0,636,0
192.168.0.102,18.233.27.106,59205,443,f0:a6:54:29:63:45,c4:71:54:49:11:3d,6,2025-07-14 02:21:30,847524.1661071777,316.2151720475057,2.3598147167724304,2.3598147167724304,0.0,2,0,268,0,134.0,134.0,134.0,0.0,0.0,0.0,0.0,0.0,134,134,134.0,0.0,0.0,40,0,20,2,0.0,0.0,0.0,0.0,0.0,0.0,0.0,0.0,0.0,0.0,0.0,0.0,0.0,0.0,0,0,0,0,1,0,0,0,0,0,0,0.0,134.0,253,0,0.0,0.0,0.0,0.0,0.0,0.0,0.0,0.0,0.0,0.0,0.0,0.0,0.0,0.0,134.0,0.0,0,2,0,268,0
13.107.139.11,192.168.0.102,443,60210,c4:71:54:49:11:3d,f0:a6:54:29:63:45,6,2025-07-14 02:21:30,0.0,0.0,0.0,0.0,0.0,1,0,54,0,54.0,54.0,54.0,0.0,0.0,0.0,0.0,0.0,54,54,54.0,0.0,0.0,20,0,20,0,0.0,0.0,0.0,0.0,0.0,0.0,0.0,0.0,0.0,0.0,0.0,0.0,0.0,0.0,0,0,0,0,1,0,0,0,0,0,0,0.0,54.0,0,0,0.0,0.0,0.0,0.0,0.0,0.0,0.0,0.0,0.0,0.0,0.0,0.0,0.0,0.0,54.0,0.0,0,1,0,54,0
192.168.0.102,3.232.2.183,60314,443,f0:a6:54:29:63:45,c4:71:54:49:11:3d,6,2025-07-14 02:21:30,1007539.0338897704,3677.27688494235,17.865312801339353,7.9401390228174895,9.92517377852186,8,10,2330,1375,1399.0,54.0,291.25,450.93423855369423,449.0,54.0,137.5,130.2645385360114,1399,54,205.83333333333331,325.02004211706355,105638.02777777778,160,200,20,3,59267.00199351592,258571.86317443848,0.0,104566.61452286488,748967.170715332,259536.9815826416,170.9461212158203,106995.31010219028,123042.43695766448,767027.8549194336,260110.85510253903,0.0,85225.3172132704,117301.3837727789,0,0,0,0,1,0,0,0,0,0,0,1.25,205.83333333333331,65535,0,0.0,0.0,0.0,0.0,0.0,0.0,0.0,0.0,0.0,0.0,0.0,0.0,0.0,0.0,291.25,137.5,0,8,10,2330,1375
192.168.0.102,103.21.187.18,63024,53,f0:a6:54:29:63:45,c4:71:54:49:11:3d,17,2025-07-14 02:21:30,8594.989776611328,37580.03306518724,232.69370319001388,116.34685159500694,116.34685159500694,1,1,74,249,74.0,74.0,74.0,0.0,249.0,249.0,249.0,0.0,249,74,161.5,87.5,7656.25,8,8,8,1,0.0,0.0,0.0,0.0,0.0,0.0,0.0,0.0,0.0,0.0,0.0,0.0,0.0,0.0,0,0,0,0,0,0,0,0,0,0,0,1.0,161.5,0,0,0.0,0.0,0.0,0.0,0.0,0.0,0.0,0.0,0.0,0.0,0.0,0.0,0.0,0.0,74.0,249.0,0,1,1,74,249
192.168.0.102,103.21.187.18,49905,53,f0:a6:54:29:63:45,c4:71:54:49:11:3d,17,2025-07-14 02:21:30,8164.167404174805,34296.210028326954,244.972928773764,122.486464386882,122.486464386882,1,1,74,206,74.0,74.0,74.0,0.0,206.0,206.0,206.0,0.0,206,74,140.0,66.0,4356.0,8,8,8,1,0.0,0.0,0.0,0.0,0.0,0.0,0.0,0.0,0.0,0.0,0.0,0.0,0.0,0.0,0,0,0,0,0,0,0,0,0,0,0,1.0,140.0,0,0,0.0,0.0,0.0,0.0,0.0,0.0,0.0,0.0,0.0,0.0,0.0,0.0,0.0,0.0,74.0,206.0,0,1,1,74,206
192.168.0.102,54.196.156.172,57495,443,f0:a6:54:29:63:45,c4:71:54:49:11:3d,6,2025-07-14 02:21:30,507040.97747802734,2498.8118441667875,19.722271856091456,7.888908742436582,11.833363113654872,4,6,406,861,170.0,54.0,101.5,42.358588267316,521.0,54.0,143.5,169.56291850912845,521,54,126.7,135.6171449338173,18392.01,80,120,20,3,56337.88638644749,270825.8628845215,0.0,104920.54403517128,236215.11459350583,234302.99758911133,80.108642578125,78738.37153116862,110003.12707242228,273960.828781128,272750.8544921875,0.0,54792.16575622559,108980.3519197014,0,0,0,0,1,0,0,0,0,0,0,1.5,126.7,251,316,0.0,0.0,0.0,0.0,0.0,0.0,0.0,0.0,0.0,0.0,0.0,0.0,0.0,0.0,101.5,143.5,0,4,6,406,861
192.168.0.102,35.186.224.22,60243,443,f0:a6:54:29:63:45,c4:71:54:49:11:3d,6,2025-07-14 02:21:31,8679.866790771484,13940.306103389552,230.41828270065372,115.20914135032687,115.20914135032687,1,1,55,66,55.0,55.0,55.0,0.0,66.0,66.0,66.0,0.0,66,55,60.5,5.5,30.25,20,20,20,1,0.0,0.0,0.0,0.0,0.0,0.0,0.0,0.0,0.0,0.0,0.0,0.0,0.0,0.0,0,0,0,0,1,0,0,0,0,0,0,1.0,60.5,252,1046,0.0,0.0,0.0,0.0,0.0,0.0,0.0,0.0,0.0,0.0,0.0,0.0,0.0,0.0,55.0,66.0,0,1,1,55,66
192.168.0.102,116.119.105.224,53723,3478,f0:a6:54:29:63:45,c4:71:54:49:11:3d,17,2025-07-14 02:21:32,2752758.9797973637,165061.30879407664,165.28871700692574,132.59424551105033,32.69447149587542,365,90,382514,71860,1158.0,62.0,1047.9835616438356,176.88438993029692,1153.0,62.0,798.4444444444445,289.4122822822184,1158,62,998.6241758241758,227.0413852677981,51547.79062432074,2920,720,8,365,6063.345770478773,51312.92343139648,0.0,12551.181186086322,2752758.9797973637,55838.10806274414,57.93571472167969,7562.524669772976,16998.638951228586,2733258.008956909,82936.04850769043,0.0,30710.76414558325,31515.872513545462,0,0,0,0,1,0,0,0,0,0,0,0.2465753424657534,998.6241758241758,0,0,0.0,0.0,0.0,0.0,0.0,0.0,0.0,0.0,8415.372093023256,8.348837209302326,0.0,0.0,569925.5446498711,0.0,1047.9835616438356,798.4444444444445,0,365,90,382514,71860
192.168.0.102,18.233.27.106,59205,443,f0:a6:54:29:63:45,c4:71:54:49:11:3d,6,2025-07-14 02:21:32,0.0,0.0,0.0,0.0,0.0,1,0,134,0,134.0,134.0,134.0,0.0,0.0,0.0,0.0,0.0,134,134,134.0,0.0,0.0,20,0,20,1,0.0,0.0,0.0,0.0,0.0,0.0,0.0,0.0,0.0,0.0,0.0,0.0,0.0,0.0,0,0,0,0,1,0,0,0,0,0,0,0.0,134.0,253,0,0.0,0.0,0.0,0.0,0.0,0.0,0.0,0.0,0.0,0.0,0.0,0.0,0.0,0.0,134.0,0.0,0,1,0,134,0
104.199.241.202,192.168.0.102,4070,50297,c4:71:54:49:11:3d,f0:a6:54:29:63:45,6,2025-07-14 02:21:32,39818.04847717285,2988.5944829320574,50.22847870474046,25.11423935237023,25.11423935237023,1,1,65,54,65.0,65.0,65.0,0.0,54.0,54.0,54.0,0.0,65,54,59.5,5.5,30.25,20,20,20,1,0.0,0.0,0.0,0.0,0.0,0.0,0.0,0.0,0.0,0.0,0.0,0.0,0.0,0.0,0,0,0,0,1,0,0,0,0,0,0,1.0,59.5,11,252,0.0,0.0,0.0,0.0,0.0,0.0,0.0,0.0,0.0,0.0,0.0,0.0,0.0,0.0,65.0,54.0,0,1,1,65,54
192.168.0.102,104.18.19.125,51084,443,f0:a6:54:29:63:45,c4:71:54:49:11:3d,6,2025-07-14 02:21:33,267519.9508666992,3095.096262231966,22.42823378428961,11.214116892144803,11.214116892144803,3,3,585,243,446.0,54.0,195.0,177.93444485727508,135.0,54.0,81.0,38.18376618407357,446,54,138.0,140.74208089030563,19808.33333333333,60,60,20,2,53503.99017333984,202323.91357421875,0.0,76014.22682261161,267519.9508666992,267146.8257904053,373.1250762939453,133759.9754333496,133386.85035705566,202323.91357421875,202323.91357421875,0.0,101161.95678710938,101161.95678710938,0,0,0,0,1,0,0,0,0,0,0,1.0,138.0,251,436,0.0,0.0,0.0,0.0,0.0,0.0,0.0,0.0,0.0,0.0,0.0,0.0,0.0,0.0,195.0,81.0,0,3,3,585,243
192.168.0.102,239.255.255.250,59758,1900,f0:a6:54:29:63:45,01:00:5e:7f:ff:fa,17,2025-07-14 02:21:33,0.0,0.0,0.0,0.0,0.0,1,0,212,0,212.0,212.0,212.0,0.0,0.0,0.0,0.0,0.0,212,212,212.0,0.0,0.0,8,0,8,1,0.0,0.0,0.0,0.0,0.0,0.0,0.0,0.0,0.0,0.0,0.0,0.0,0.0,0.0,0,0,0,0,0,0,0,0,0,0,0,0.0,212.0,0,0,0.0,0.0,0.0,0.0,0.0,0.0,0.0,0.0,0.0,0.0,0.0,0.0,0.0,0.0,212.0,0.0,0,1,0,212,0
192.168.0.102,172.64.149.246,59979,443,f0:a6:54:29:63:45,c4:71:54:49:11:3d,6,2025-07-14 02:21:33,130809.06867980956,3218.4312926385164,30.578919645021536,15.289459822510768,15.289459822510768,2,2,199,222,145.0,54.0,99.5,45.5,168.0,54.0,111.0,57.0,168,54,105.25,51.89111195570972,2692.6875,40,40,20,1,43603.02289326986,77999.83024597168,12484.073638916016,26846.9347255066,0.0,0.0,0.0,0.0,0.0,0.0,0.0,0.0,0.0,0.0,0,0,0,0,1,0,0,0,0,0,0,1.0,105.25,254,18,0.0,0.0,0.0,0.0,0.0,0.0,0.0,0.0,0.0,0.0,0.0,0.0,0.0,0.0,99.5,111.0,0,2,2,199,222
192.168.0.102,172.64.149.246,61036,443,f0:a6:54:29:63:45,c4:71:54:49:11:3d,17,2025-07-14 02:21:33,103369.95124816896,164960.8981536794,270.8717539469284,116.0878945486836,154.78385939824477,12,16,5201,11851,1292.0,88.0,433.4166666666667,500.9230576867292,1242.0,66.0,740.6875,521.3152499627745,1292,66,609.0,534.7502754958217,285957.8571428572,96,128,8,12,3828.516712895146,60361.86218261719,0.0,11669.841738234943,103369.95124816896,66958.90426635742,99.89738464355467,9397.268295288086,18965.342845529853,96472.97859191896,60361.86218261719,0.0,6431.53190612793,15259.199250986245,0,0,0,0,1,0,0,0,0,0,0,1.3333333333333333,609.0,0,0,0.0,0.0,0.0,0.0,0.0,0.0,0.0,0.0,1565.5,4.0,3718.3333333333335,5.0,433669.0385047223,173532.4092605093,433.4166666666667,740.6875,0,12,16,5201,11851
192.168.0.102,104.26.13.13,60271,443,f0:a6:54:29:63:45,c4:71:54:49:11:3d,6,2025-07-14 02:21:34,10002.851486206057,16195.381909188416,299.9144797997855,199.94298653319032,99.97149326659516,2,1,108,54,54.0,54.0,54.0,0.0,54.0,54.0,54.0,0.0,54,54,54.0,0.0,0.0,40,20,20,0,5001.425743103027,9917.020797729492,85.8306884765625,4915.595054626465,0.0,0.0,0.0,0.0,0.0,0.0,0.0,0.0,0.0,0.0,0,0,0,0,1,0,0,0,0,0,0,0.5,54.0,255,19,0.0,0.0,0.0,0.0,0.0,0.0,0.0,0.0,0.0,0.0,0.0,0.0,0.0,0.0,54.0,54.0,0,2,1,108,54
